{"logits": {"_type": "histogram", "values": [1, 0, 0, 1, 0, 0, 0, 0, 0, 3, 0, 2, 0, 2, 9, 2, 6, 14, 13, 16, 14, 16, 18, 16, 19, 31, 28, 27, 34, 30, 25, 32, 21, 26, 21, 11, 14, 17, 19, 8, 12, 6, 6, 7, 8, 6, 3, 2, 4, 1, 3, 3, 3, 3, 1, 1, 1, 1, 0, 2, 0, 0, 0, 1], "bins": [-3.7603273391723633, -3.639566421508789, -3.5188052654266357, -3.3980441093444824, -3.277283191680908, -3.156522274017334, -3.0357611179351807, -2.9149999618530273, -2.794239044189453, -2.673478126525879, -2.5527169704437256, -2.4319558143615723, -2.311194896697998, -2.190433979034424, -2.0696728229522705, -1.9489117860794067, -1.828150749206543, -1.7073897123336792, -1.5866286754608154, -1.4658676385879517, -1.345106601715088, -1.2243455648422241, -1.1035845279693604, -0.9828234910964966, -0.8620624542236328, -0.741301417350769, -0.6205403804779053, -0.4997793436050415, -0.37901830673217773, -0.25825726985931396, -0.1374962329864502, -0.016735196113586426, 0.10402584075927734, 0.2247868776321411, 0.3455479145050049, 0.46630895137786865, 0.5870699882507324, 0.7078310251235962, 0.82859206199646, 0.9493530988693237, 1.0701141357421875, 1.1908751726150513, 1.311636209487915, 1.4323972463607788, 1.5531582832336426, 1.6739193201065063, 1.7946803569793701, 1.9154413938522339, 2.0362024307250977, 2.156963348388672, 2.277724504470825, 2.3984856605529785, 2.5192465782165527, 2.640007495880127, 2.7607686519622803, 2.8815298080444336, 3.002290725708008, 3.123051643371582, 3.2438127994537354, 3.3645739555358887, 3.485334873199463, 3.606095790863037, 3.7268569469451904, 3.8476181030273438, 3.968379020690918]}, "_runtime": 73, "_timestamp": 1642677752, "_step": 88, "val_loss": 1.350367546081543, "epoch": 1, "trainer/global_step": 85, "train_loss": 1.4791966676712036, "_wandb": {"runtime": 152}}