{"logits": {"_type": "histogram", "values": [2, 4, 4, 4, 3, 4, 6, 8, 22, 28, 17, 26, 26, 32, 29, 33, 29, 26, 28, 25, 29, 12, 25, 20, 20, 18, 16, 8, 13, 7, 7, 8, 4, 5, 2, 4, 2, 2, 0, 0, 1, 3, 0, 0, 2, 1, 0, 0, 0, 0, 0, 0, 0, 0, 1, 0, 1, 0, 0, 1, 1, 0, 0, 1], "bins": [-2.4703497886657715, -2.3348331451416016, -2.1993162631988525, -2.0637996196746826, -1.9282829761505127, -1.7927662134170532, -1.6572494506835938, -1.5217328071594238, -1.3862160444259644, -1.2506992816925049, -1.115182638168335, -0.9796658754348755, -0.8441491723060608, -0.7086324691772461, -0.5731157064437866, -0.4375990033149719, -0.3020823001861572, -0.16656558215618134, -0.031048864126205444, 0.10446785390377045, 0.23998457193374634, 0.37550127506256104, 0.5110180377960205, 0.6465347409248352, 0.7820514440536499, 0.9175681471824646, 1.0530848503112793, 1.1886016130447388, 1.3241183757781982, 1.4596350193023682, 1.5951517820358276, 1.7306684255599976, 1.866185188293457, 2.001701831817627, 2.137218713760376, 2.272735357284546, 2.408252000808716, 2.543768882751465, 2.6792855262756348, 2.8148021697998047, 2.9503188133239746, 3.0858356952667236, 3.2213523387908936, 3.3568689823150635, 3.4923858642578125, 3.6279025077819824, 3.7634191513061523, 3.8989360332489014, 4.034452438354492, 4.16996955871582, 4.30548620223999, 4.44100284576416, 4.57651948928833, 4.7120361328125, 4.84755277633667, 4.983069896697998, 5.118586540222168, 5.254103183746338, 5.389619827270508, 5.525136470794678, 5.660653114318848, 5.796170234680176, 5.931686878204346, 6.067203521728516, 6.2027201652526855]}, "_runtime": 76, "_timestamp": 1642676658, "_step": 88, "val_loss": 1.274941325187683, "epoch": 1, "trainer/global_step": 85, "train_loss": 1.3419288396835327, "_wandb": {"runtime": 155}}