{"logits": {"_type": "histogram", "values": [1, 2, 2, 0, 2, 0, 6, 2, 11, 8, 10, 25, 15, 24, 22, 28, 30, 22, 27, 23, 22, 31, 27, 25, 25, 22, 17, 17, 8, 14, 13, 17, 10, 8, 8, 5, 5, 5, 5, 8, 1, 7, 1, 2, 0, 1, 0, 1, 0, 3, 0, 0, 0, 0, 0, 0, 1, 0, 0, 0, 0, 0, 0, 1], "bins": [-7.647531986236572, -7.292076110839844, -6.936620712280273, -6.581164836883545, -6.225708961486816, -5.870253562927246, -5.514797687530518, -5.159341812133789, -4.803886413574219, -4.44843053817749, -4.092974662780762, -3.7375190258026123, -3.382063388824463, -3.0266077518463135, -2.671151876449585, -2.3156962394714355, -1.9602404832839966, -1.6047847270965576, -1.2493290901184082, -0.8938733339309692, -0.5384175777435303, -0.18296188116073608, 0.1724938303232193, 0.5279495716094971, 0.8834052681922913, 1.2388609647750854, 1.5943167209625244, 1.9497724771499634, 2.3052282333374023, 2.6606838703155518, 3.016139507293701, 3.3715953826904297, 3.727051019668579, 4.0825066566467285, 4.437962532043457, 4.7934184074401855, 5.148873805999756, 5.504329681396484, 5.859785556793213, 6.215240955352783, 6.570696830749512, 6.92615270614624, 7.2816081047058105, 7.637063980102539, 7.992519855499268, 8.347975730895996, 8.703431129455566, 9.058886528015137, 9.414342880249023, 9.769798278808594, 10.125253677368164, 10.48071002960205, 10.836165428161621, 11.191620826721191, 11.547077178955078, 11.902532577514648, 12.257987976074219, 12.613444328308105, 12.968899726867676, 13.324355125427246, 13.679811477661133, 14.035266876220703, 14.390722274780273, 14.74617862701416, 15.10163402557373]}, "_runtime": 100, "_timestamp": 1642599333, "_step": 223, "val_loss": 0.8249185085296631, "epoch": 4, "trainer/global_step": 214, "train_loss": 0.5314134359359741, "_wandb": {"runtime": 100}}