{"logits": {"_type": "histogram", "values": [1, 1, 1, 1, 3, 4, 4, 6, 9, 8, 12, 11, 14, 22, 34, 32, 40, 31, 29, 31, 41, 39, 39, 30, 21, 16, 14, 12, 11, 16, 4, 9, 2, 5, 1, 3, 1, 1, 2, 1, 1, 0, 1, 0, 2, 0, 1, 0, 0, 0, 1, 0, 0, 0, 0, 0, 0, 0, 0, 1, 0, 0, 0, 1], "bins": [-3.277195692062378, -3.1104676723480225, -2.943739414215088, -2.7770113945007324, -2.610283374786377, -2.4435551166534424, -2.276827096939087, -2.1100990772247314, -1.9433709383010864, -1.7766427993774414, -1.6099146604537964, -1.443186640739441, -1.276458501815796, -1.1097303628921509, -0.9430023431777954, -0.7762742042541504, -0.6095461249351501, -0.4428180158138275, -0.27608993649482727, -0.10936182737350464, 0.0573662668466568, 0.22409436106681824, 0.39082247018814087, 0.5575505495071411, 0.7242786884307861, 0.8910067677497864, 1.0577348470687866, 1.2244629859924316, 1.391191005706787, 1.5579191446304321, 1.7246472835540771, 1.8913753032684326, 2.058103561401367, 2.2248315811157227, 2.391559600830078, 2.5582876205444336, 2.725015878677368, 2.8917438983917236, 3.058471918106079, 3.2252001762390137, 3.391928195953369, 3.5586562156677246, 3.725384473800659, 3.8921124935150146, 4.058840751647949, 4.225568771362305, 4.39229679107666, 4.559024810791016, 4.725752830505371, 4.892481327056885, 5.05920934677124, 5.225937366485596, 5.392665386199951, 5.559393405914307, 5.726121425628662, 5.892849922180176, 6.059577941894531, 6.226305961608887, 6.393033981323242, 6.559762001037598, 6.726490020751953, 6.893218517303467, 7.059946537017822, 7.226674556732178, 7.393402576446533]}, "_runtime": 78, "_timestamp": 1642676360, "_step": 88, "val_loss": 1.2816972732543945, "epoch": 1, "trainer/global_step": 85, "train_loss": 1.3904811143875122, "_wandb": {"runtime": 157}}