{"logits": {"_type": "histogram", "values": [1, 0, 0, 0, 2, 4, 4, 3, 5, 4, 11, 15, 18, 18, 17, 25, 33, 30, 30, 29, 33, 35, 33, 27, 15, 15, 16, 18, 8, 13, 17, 9, 8, 11, 11, 4, 4, 4, 6, 4, 1, 6, 4, 2, 1, 2, 1, 4, 2, 0, 2, 1, 0, 1, 1, 0, 0, 1, 0, 0, 0, 0, 0, 1], "bins": [-2.8696656227111816, -2.7425901889801025, -2.6155147552490234, -2.4884393215179443, -2.3613641262054443, -2.2342886924743652, -2.107213258743286, -1.980137825012207, -1.853062391281128, -1.7259870767593384, -1.5989116430282593, -1.4718362092971802, -1.3447608947753906, -1.2176854610443115, -1.0906100273132324, -0.9635346531867981, -0.8364592790603638, -0.7093839049339294, -0.5823084712028503, -0.455233097076416, -0.3281576931476593, -0.2010822892189026, -0.07400690019130707, 0.05306849628686905, 0.18014389276504517, 0.3072192966938019, 0.4342947006225586, 0.5613700747489929, 0.6884454488754272, 0.8155208826065063, 0.9425962567329407, 1.069671630859375, 1.196747064590454, 1.3238224983215332, 1.4508978128433228, 1.5779732465744019, 1.705048680305481, 1.8321239948272705, 1.9591994285583496, 2.0862748622894287, 2.213350296020508, 2.340425729751587, 2.467500925064087, 2.594576358795166, 2.721651792526245, 2.848727226257324, 2.9758026599884033, 3.1028780937194824, 3.2299532890319824, 3.3570287227630615, 3.4841041564941406, 3.6111795902252197, 3.738255023956299, 3.865330457687378, 3.992405891418457, 4.119481086730957, 4.246556758880615, 4.373631954193115, 4.500707149505615, 4.627782821655273, 4.754858016967773, 4.881933689117432, 5.009008884429932, 5.13608455657959, 5.26315975189209]}, "_runtime": 73, "_timestamp": 1642678871, "_step": 88, "val_loss": 1.206436038017273, "epoch": 1, "trainer/global_step": 85, "train_loss": 1.486358880996704, "_wandb": {"runtime": 171}}