{"logits": {"_type": "histogram", "values": [1, 0, 0, 0, 0, 2, 0, 0, 1, 2, 0, 1, 3, 7, 5, 3, 12, 12, 5, 8, 10, 15, 18, 23, 31, 26, 27, 20, 22, 20, 29, 30, 17, 21, 22, 17, 25, 19, 9, 15, 12, 14, 9, 9, 8, 3, 7, 6, 3, 4, 3, 4, 1, 2, 0, 3, 2, 0, 0, 0, 0, 0, 1, 1], "bins": [-7.509629726409912, -7.268182754516602, -7.026735305786133, -6.785287857055664, -6.5438408851623535, -6.302393913269043, -6.060946464538574, -5.8194990158081055, -5.578052043914795, -5.336605072021484, -5.095157623291016, -4.853710174560547, -4.612263202667236, -4.370816230773926, -4.129368782043457, -3.8879215717315674, -3.6464743614196777, -3.405027151107788, -3.1635799407958984, -2.922132730484009, -2.680685520172119, -2.4392383098602295, -2.19779109954834, -1.9563438892364502, -1.7148966789245605, -1.473449468612671, -1.2320022583007812, -0.9905550479888916, -0.749107837677002, -0.5076606273651123, -0.26621341705322266, -0.024766206741333008, 0.21668100357055664, 0.4581282138824463, 0.6995754241943359, 0.9410226345062256, 1.1824698448181152, 1.4239170551300049, 1.6653642654418945, 1.9068114757537842, 2.148258686065674, 2.3897058963775635, 2.631153106689453, 2.8726003170013428, 3.1140475273132324, 3.355494737625122, 3.5969419479370117, 3.8383891582489014, 4.079836368560791, 4.321283340454102, 4.56273078918457, 4.804178237915039, 5.04562520980835, 5.28707218170166, 5.528519630432129, 5.769967079162598, 6.011414051055908, 6.252861022949219, 6.4943084716796875, 6.735755920410156, 6.977202892303467, 7.218649864196777, 7.460097312927246, 7.701544761657715, 7.942991733551025]}, "_runtime": 34, "_timestamp": 1642601421, "_step": 88, "val_loss": 1.0238713026046753, "epoch": 1, "trainer/global_step": 85, "train_loss": 1.0314050912857056, "_wandb": {"runtime": 38}}