{"logits": {"_type": "histogram", "values": [1, 1, 0, 2, 2, 3, 3, 10, 11, 9, 13, 11, 15, 24, 26, 31, 26, 26, 24, 36, 21, 26, 25, 30, 29, 20, 25, 12, 19, 11, 12, 12, 7, 4, 6, 4, 5, 3, 8, 3, 2, 0, 1, 1, 1, 1, 2, 0, 1, 0, 1, 0, 0, 1, 1, 0, 0, 0, 0, 0, 0, 0, 1, 1], "bins": [-3.06684947013855, -2.9211368560791016, -2.7754244804382324, -2.629711866378784, -2.483999252319336, -2.338286876678467, -2.1925742626190186, -2.0468618869781494, -1.9011492729187012, -1.755436658859253, -1.6097241640090942, -1.4640116691589355, -1.3182991743087769, -1.1725865602493286, -1.02687406539917, -0.8811615705490112, -0.7354490160942078, -0.5897364616394043, -0.4440239667892456, -0.2983114421367645, -0.15259890258312225, -0.006886374205350876, 0.1388261616230011, 0.2845386862754822, 0.43025121092796326, 0.5759637355804443, 0.7216762900352478, 0.8673887848854065, 1.01310133934021, 1.1588138341903687, 1.3045263290405273, 1.4502389430999756, 1.5959514379501343, 1.741663932800293, 1.8873765468597412, 2.0330889225006104, 2.1788015365600586, 2.324514150619507, 2.470226526260376, 2.615939140319824, 2.7616517543792725, 2.9073641300201416, 3.05307674407959, 3.198789358139038, 3.3445017337799072, 3.4902143478393555, 3.6359267234802246, 3.781639337539673, 3.927351951599121, 4.07306432723999, 4.218777179718018, 4.364489555358887, 4.510201930999756, 4.655914306640625, 4.801627159118652, 4.9473395347595215, 5.093051910400391, 5.238764762878418, 5.384477138519287, 5.530189514160156, 5.675902366638184, 5.821614742279053, 5.967327117919922, 6.113039970397949, 6.258752346038818]}, "_runtime": 75, "_timestamp": 1642678445, "_step": 88, "val_loss": 1.245177984237671, "epoch": 1, "trainer/global_step": 85, "train_loss": 1.397393822669983, "_wandb": {"runtime": 175}}