{"logits": {"_type": "histogram", "values": [1, 0, 1, 1, 1, 1, 6, 0, 5, 8, 7, 11, 16, 20, 26, 27, 25, 21, 27, 24, 32, 28, 26, 32, 30, 24, 17, 22, 21, 9, 19, 14, 10, 7, 6, 4, 6, 7, 7, 3, 4, 3, 2, 1, 2, 1, 0, 0, 1, 2, 0, 0, 1, 0, 0, 0, 0, 0, 0, 0, 0, 0, 0, 1], "bins": [-8.259367942810059, -7.891048431396484, -7.52272891998291, -7.154409408569336, -6.786089897155762, -6.4177703857421875, -6.049450874328613, -5.681131362915039, -5.312811851501465, -4.944491863250732, -4.576172351837158, -4.207852840423584, -3.8395333290100098, -3.4712138175964355, -3.1028943061828613, -2.734574794769287, -2.366255283355713, -1.9979357719421387, -1.6296162605285645, -1.2612966299057007, -0.8929771184921265, -0.5246576070785522, -0.15633803606033325, 0.21198150515556335, 0.58030104637146, 0.9486205577850342, 1.3169400691986084, 1.6852596998214722, 2.053579330444336, 2.42189884185791, 2.7902183532714844, 3.1585378646850586, 3.526857376098633, 3.895176887512207, 4.263496398925781, 4.6318159103393555, 5.00013542175293, 5.368454933166504, 5.736774444580078, 6.105093955993652, 6.473413467407227, 6.841733455657959, 7.210052967071533, 7.578372478485107, 7.946691989898682, 8.315011024475098, 8.683330535888672, 9.051650047302246, 9.41996955871582, 9.788290023803711, 10.156609535217285, 10.52492904663086, 10.893248558044434, 11.261568069458008, 11.629887580871582, 11.998207092285156, 12.36652660369873, 12.734846115112305, 13.103165626525879, 13.471485137939453, 13.839804649353027, 14.208124160766602, 14.576443672180176, 14.94476318359375, 15.313082695007324]}, "_runtime": 103, "_timestamp": 1642597106, "_step": 223, "val_loss": 0.8252770304679871, "epoch": 4, "trainer/global_step": 214, "train_loss": 0.40770113468170166, "_wandb": {"runtime": 102}}