{"logits": {"_type": "histogram", "values": [1, 0, 2, 0, 0, 2, 1, 3, 3, 4, 4, 5, 4, 7, 14, 11, 13, 14, 18, 17, 24, 21, 11, 18, 15, 16, 23, 25, 20, 25, 17, 24, 21, 20, 24, 21, 14, 8, 10, 9, 6, 11, 9, 10, 7, 4, 4, 3, 5, 3, 3, 4, 2, 0, 0, 0, 1, 2, 2, 2, 0, 2, 0, 1], "bins": [-6.367249488830566, -6.146712303161621, -5.926175117492676, -5.705638408660889, -5.485101222991943, -5.264564037322998, -5.044026851654053, -4.823489665985107, -4.602952480316162, -4.382415771484375, -4.16187858581543, -3.9413414001464844, -3.720804214477539, -3.5002670288085938, -3.2797300815582275, -3.0591928958892822, -2.838655948638916, -2.6181187629699707, -2.3975815773010254, -2.177044630050659, -1.9565074443817139, -1.7359702587127686, -1.5154331922531128, -1.294896125793457, -1.0743589401245117, -0.853821873664856, -0.6332848072052002, -0.41274768114089966, -0.1922105848789215, 0.028326518833637238, 0.24886362254619598, 0.4694007337093353, 0.6899378299713135, 0.910474956035614, 1.1310120820999146, 1.3515491485595703, 1.572086215019226, 1.7926234006881714, 2.013160467147827, 2.2336976528167725, 2.4542346000671387, 2.674771785736084, 2.8953089714050293, 3.1158459186553955, 3.336383104324341, 3.556920289993286, 3.7774572372436523, 3.9979944229125977, 4.218531608581543, 4.439068794250488, 4.659605503082275, 4.880142688751221, 5.100679874420166, 5.321217060089111, 5.541754245758057, 5.762291431427002, 5.982828140258789, 6.203365325927734, 6.42390251159668, 6.644439697265625, 6.86497688293457, 7.085514068603516, 7.306050777435303, 7.526587963104248, 7.747125148773193]}, "_runtime": 35, "_timestamp": 1642602950, "_step": 88, "val_loss": 1.0325913429260254, "epoch": 1, "trainer/global_step": 85, "train_loss": 1.0462099313735962, "_wandb": {"runtime": 70}}