{"logits": {"_type": "histogram", "values": [1, 1, 1, 1, 0, 2, 5, 5, 6, 11, 9, 6, 8, 12, 19, 13, 18, 23, 37, 19, 24, 23, 31, 24, 31, 18, 20, 17, 20, 18, 15, 17, 15, 12, 10, 8, 8, 8, 9, 3, 5, 5, 7, 4, 2, 1, 3, 2, 3, 2, 2, 1, 0, 0, 0, 3, 0, 0, 0, 0, 0, 1, 0, 1], "bins": [-2.9129769802093506, -2.7955965995788574, -2.6782162189483643, -2.560835838317871, -2.443455457687378, -2.3260748386383057, -2.2086944580078125, -2.0913140773773193, -1.9739336967468262, -1.856553316116333, -1.7391729354858398, -1.6217925548553467, -1.504412055015564, -1.3870316743850708, -1.2696512937545776, -1.1522709131240845, -1.0348904132843018, -0.9175100922584534, -0.8001296520233154, -0.6827492713928223, -0.5653688311576843, -0.44798845052719116, -0.3306080400943756, -0.21322762966156006, -0.0958472192287445, 0.021533187478780746, 0.1389136016368866, 0.25629401206970215, 0.3736743927001953, 0.49105480313301086, 0.6084352135658264, 0.7258156538009644, 0.8431960344314575, 0.9605764150619507, 1.0779567956924438, 1.1953372955322266, 1.3127176761627197, 1.430098056793213, 1.547478437423706, 1.6648589372634888, 1.782239317893982, 1.899619698524475, 2.017000198364258, 2.134380578994751, 2.251760959625244, 2.3691413402557373, 2.4865217208862305, 2.6039021015167236, 2.721282482147217, 2.83866286277771, 2.956043243408203, 3.0734238624572754, 3.1908042430877686, 3.3081846237182617, 3.425565004348755, 3.542945384979248, 3.660325765609741, 3.7777061462402344, 3.8950865268707275, 4.012466907501221, 4.129847526550293, 4.247227668762207, 4.364608287811279, 4.481988430023193, 4.599369049072266]}, "_runtime": 78, "_timestamp": 1642676890, "_step": 88, "val_loss": 1.304455280303955, "epoch": 1, "trainer/global_step": 85, "train_loss": 1.2711584568023682, "_wandb": {"runtime": 158}}