{"logits": {"_type": "histogram", "values": [4, 2, 1, 0, 0, 3, 4, 4, 6, 7, 18, 15, 20, 30, 20, 9, 24, 25, 24, 25, 26, 22, 21, 32, 22, 24, 16, 23, 17, 14, 13, 10, 15, 12, 9, 5, 10, 2, 7, 5, 6, 3, 3, 1, 0, 1, 2, 0, 2, 1, 1, 0, 0, 1, 0, 1, 0, 0, 0, 0, 1, 0, 0, 1], "bins": [-5.325993537902832, -5.090951442718506, -4.85590934753418, -4.620866775512695, -4.385824680328369, -4.150782585144043, -3.915740489959717, -3.6806981563568115, -3.4456560611724854, -3.210613965988159, -2.975571632385254, -2.7405295372009277, -2.5054874420166016, -2.2704451084136963, -2.03540301322937, -1.8003607988357544, -1.5653185844421387, -1.330276370048523, -1.0952341556549072, -0.860192060470581, -0.6251498460769653, -0.390107661485672, -0.15506547689437866, 0.07997670769691467, 0.315018892288208, 0.5500611066818237, 0.7851032614707947, 1.0201454162597656, 1.2551876306533813, 1.490229845046997, 1.7252719402313232, 1.960314154624939, 2.1953563690185547, 2.430398464202881, 2.665440797805786, 2.9004828929901123, 3.1355252265930176, 3.3705673217773438, 3.60560941696167, 3.840651750564575, 4.0756940841674805, 4.310736179351807, 4.545778274536133, 4.780820369720459, 5.015862464904785, 5.250904560089111, 5.485947132110596, 5.720989227294922, 5.956031322479248, 6.191073417663574, 6.4261155128479, 6.661158084869385, 6.896200180053711, 7.131242275238037, 7.366284370422363, 7.6013264656066895, 7.836368560791016, 8.0714111328125, 8.306452751159668, 8.541495323181152, 8.776537895202637, 9.011579513549805, 9.246622085571289, 9.481663703918457, 9.716706275939941]}, "_runtime": 40, "_timestamp": 1642600336, "_step": 88, "val_loss": 1.0217303037643433, "epoch": 1, "trainer/global_step": 85, "train_loss": 1.1676323413848877, "_wandb": {"runtime": 39}}