{"logits": {"_type": "histogram", "values": [1, 0, 0, 1, 3, 5, 9, 5, 9, 13, 13, 12, 20, 14, 21, 19, 27, 22, 16, 26, 20, 26, 25, 14, 31, 23, 20, 16, 19, 13, 10, 18, 7, 16, 10, 8, 8, 7, 4, 5, 6, 2, 3, 4, 6, 2, 3, 0, 1, 0, 2, 0, 0, 1, 0, 1, 0, 0, 2, 0, 0, 0, 0, 1], "bins": [-5.590644359588623, -5.349559307098389, -5.108473777770996, -4.867388725280762, -4.626303195953369, -4.385218143463135, -4.144132614135742, -3.903047561645508, -3.6619622707366943, -3.420876979827881, -3.1797916889190674, -2.938706398010254, -2.6976211071014404, -2.456535816192627, -2.2154505252838135, -1.9743653535842896, -1.733280062675476, -1.4921947717666626, -1.2511094808578491, -1.0100243091583252, -0.7689390182495117, -0.5278537273406982, -0.28676843643188477, -0.045683182775974274, 0.1954020857810974, 0.4364873468875885, 0.6775726079940796, 0.9186578989028931, 1.1597431898117065, 1.40082848072052, 1.641913652420044, 1.8829989433288574, 2.124084234237671, 2.3651695251464844, 2.606254816055298, 2.8473401069641113, 3.088425397872925, 3.3295106887817383, 3.5705957412719727, 3.811681032180786, 4.0527663230896, 4.293851852416992, 4.534936904907227, 4.776021957397461, 5.0171074867248535, 5.258192539215088, 5.4992780685424805, 5.740363121032715, 5.981448650360107, 6.222533702850342, 6.463619232177734, 6.704704284667969, 6.945789813995361, 7.186874866485596, 7.42795991897583, 7.669045448303223, 7.910130500793457, 8.151215553283691, 8.392301559448242, 8.633386611938477, 8.874471664428711, 9.115556716918945, 9.356642723083496, 9.59772777557373, 9.838812828063965]}, "_runtime": 37, "_timestamp": 1642599451, "_step": 88, "val_loss": 1.0263035297393799, "epoch": 1, "trainer/global_step": 85, "train_loss": 1.168461561203003, "_wandb": {"runtime": 36}}