{"logits": {"_type": "histogram", "values": [1, 1, 0, 0, 1, 0, 0, 1, 1, 2, 6, 4, 5, 9, 7, 16, 11, 18, 31, 29, 35, 36, 32, 41, 25, 35, 31, 19, 27, 20, 17, 19, 14, 13, 13, 5, 8, 9, 4, 4, 2, 2, 3, 2, 2, 0, 0, 0, 0, 2, 1, 2, 0, 1, 1, 0, 0, 0, 0, 0, 0, 1, 0, 1], "bins": [-3.690185785293579, -3.54331111907959, -3.3964364528656006, -3.2495617866516113, -3.102687120437622, -2.955812454223633, -2.8089377880096436, -2.662062883377075, -2.515188217163086, -2.3683135509490967, -2.2214388847351074, -2.074564218521118, -1.927689552307129, -1.7808148860931396, -1.6339402198791504, -1.4870655536651611, -1.3401908874511719, -1.193316102027893, -1.0464414358139038, -0.8995667695999146, -0.7526921033859253, -0.6058173775672913, -0.458942711353302, -0.31206804513931274, -0.1651933491230011, -0.01831866428256035, 0.1285560131072998, 0.27543070912361145, 0.4223054051399231, 0.5691800713539124, 0.7160547375679016, 0.8629294633865356, 1.009804129600525, 1.1566787958145142, 1.3035534620285034, 1.4504281282424927, 1.5973029136657715, 1.7441775798797607, 1.89105224609375, 2.0379269123077393, 2.1848015785217285, 2.3316762447357178, 2.478550910949707, 2.6254255771636963, 2.7723002433776855, 2.919175148010254, 3.066049814224243, 3.2129244804382324, 3.3597991466522217, 3.506673812866211, 3.6535484790802, 3.8004231452941895, 3.9472978115081787, 4.094172477722168, 4.241047382354736, 4.3879218101501465, 4.534796714782715, 4.681671142578125, 4.828546047210693, 4.9754204750061035, 5.122295379638672, 5.269169807434082, 5.41604471206665, 5.5629191398620605, 5.709794044494629]}, "_runtime": 73, "_timestamp": 1642679172, "_step": 88, "val_loss": 1.2616093158721924, "epoch": 1, "trainer/global_step": 85, "train_loss": 1.3377904891967773, "_wandb": {"runtime": 169}}