{"logits": {"_type": "histogram", "values": [1, 1, 0, 5, 2, 5, 7, 7, 7, 10, 16, 11, 22, 23, 14, 16, 22, 18, 19, 20, 26, 24, 27, 22, 20, 28, 14, 13, 14, 19, 18, 14, 8, 14, 14, 10, 8, 7, 2, 5, 5, 8, 2, 5, 2, 3, 0, 2, 0, 1, 2, 0, 2, 0, 2, 0, 1, 0, 0, 0, 0, 1, 0, 1], "bins": [-5.111356258392334, -4.888546466827393, -4.665737152099609, -4.442927360534668, -4.220118045806885, -3.9973084926605225, -3.774498701095581, -3.5516891479492188, -3.3288795948028564, -3.106070041656494, -2.883260488510132, -2.6604509353637695, -2.4376413822174072, -2.214831829071045, -1.992022156715393, -1.7692126035690308, -1.5464030504226685, -1.3235934972763062, -1.1007839441299438, -0.8779743313789368, -0.6551647186279297, -0.4323551654815674, -0.20954559743404388, 0.013263978064060211, 0.2360735535621643, 0.458883136510849, 0.6816927194595337, 0.904502272605896, 1.1273118257522583, 1.3501213788986206, 1.5729310512542725, 1.7957406044006348, 2.018550157546997, 2.2413597106933594, 2.4641692638397217, 2.686978816986084, 2.9097883701324463, 3.1325979232788086, 3.35540771484375, 3.5782172679901123, 3.8010268211364746, 4.023836135864258, 4.246645927429199, 4.469455718994141, 4.692265033721924, 4.915074825286865, 5.137884140014648, 5.36069393157959, 5.583503246307373, 5.8063130378723145, 6.029122352600098, 6.251932144165039, 6.474741458892822, 6.697551250457764, 6.920361042022705, 7.143170356750488, 7.36598014831543, 7.588789463043213, 7.811599254608154, 8.034408569335938, 8.257218360900879, 8.48002815246582, 8.702836990356445, 8.925646781921387, 9.148456573486328]}, "_runtime": 34, "_timestamp": 1642600524, "_step": 88, "val_loss": 1.0551613569259644, "epoch": 1, "trainer/global_step": 85, "train_loss": 1.1260193586349487, "_wandb": {"runtime": 34}}