{"logits": {"_type": "histogram", "values": [1, 0, 0, 1, 0, 1, 1, 3, 3, 2, 7, 9, 7, 7, 16, 15, 15, 18, 24, 23, 32, 23, 17, 17, 23, 23, 22, 20, 21, 21, 17, 29, 18, 12, 14, 16, 7, 15, 13, 6, 5, 5, 6, 3, 4, 7, 3, 4, 3, 4, 0, 0, 0, 0, 2, 1, 1, 0, 0, 0, 0, 2, 0, 1], "bins": [-6.347313404083252, -6.106985092163086, -5.866656303405762, -5.626327991485596, -5.38599967956543, -5.145671367645264, -4.9053425788879395, -4.665014266967773, -4.424685955047607, -4.184357643127441, -3.9440290927886963, -3.703700542449951, -3.463372230529785, -3.22304368019104, -2.982715368270874, -2.742386817932129, -2.502058506011963, -2.2617299556732178, -2.0214014053344727, -1.7810730934143066, -1.540744662284851, -1.3004162311553955, -1.06008780002594, -0.8197593092918396, -0.579430878162384, -0.33910244703292847, -0.0987740010023117, 0.14155444502830505, 0.3818828761577606, 0.6222113370895386, 0.8625397682189941, 1.1028681993484497, 1.3431966304779053, 1.5835250616073608, 1.8238534927368164, 2.0641820430755615, 2.3045103549957275, 2.5448389053344727, 2.7851672172546387, 3.025495767593384, 3.26582407951355, 3.506152629852295, 3.746480941772461, 3.986809492111206, 4.227138042449951, 4.467466354370117, 4.707794666290283, 4.948122978210449, 5.188451766967773, 5.4287800788879395, 5.6691083908081055, 5.90943717956543, 6.149765491485596, 6.390093803405762, 6.630422115325928, 6.870750904083252, 7.111079216003418, 7.351407527923584, 7.59173583984375, 7.832064628601074, 8.072392463684082, 8.312721252441406, 8.55305004119873, 8.793377876281738, 9.033706665039062]}, "_runtime": 35, "_timestamp": 1642603633, "_step": 88, "val_loss": 1.1045453548431396, "epoch": 1, "trainer/global_step": 85, "train_loss": 1.0608123540878296, "_wandb": {"runtime": 70}}