{"logits": {"_type": "histogram", "values": [1, 1, 3, 2, 2, 6, 3, 5, 6, 11, 11, 12, 18, 18, 14, 21, 16, 23, 19, 14, 32, 30, 23, 27, 31, 20, 17, 18, 25, 26, 16, 17, 20, 9, 6, 7, 5, 8, 3, 4, 3, 1, 2, 1, 2, 2, 0, 0, 1, 1, 2, 0, 2, 0, 0, 1, 0, 1, 0, 0, 0, 0, 0, 1], "bins": [-5.715157985687256, -5.470398426055908, -5.2256388664245605, -4.980879306793213, -4.736120223999023, -4.491360664367676, -4.246601104736328, -4.0018415451049805, -3.757081985473633, -3.5123226642608643, -3.2675631046295166, -3.022803544998169, -2.7780439853668213, -2.5332846641540527, -2.288525104522705, -2.0437655448913574, -1.7990061044692993, -1.5542466640472412, -1.3094871044158936, -1.0647276639938354, -0.8199681043624878, -0.5752086639404297, -0.3304491639137268, -0.08568965643644333, 0.15906983613967896, 0.40382933616638184, 0.6485888361930847, 0.8933483362197876, 1.1381077766418457, 1.3828673362731934, 1.6276267766952515, 1.8723863363265991, 2.1171457767486572, 2.361905336380005, 2.6066646575927734, 2.851424217224121, 3.0961837768554688, 3.3409433364868164, 3.585702657699585, 3.8304622173309326, 4.075221538543701, 4.319981098175049, 4.5647406578063965, 4.809500217437744, 5.054259777069092, 5.2990193367004395, 5.543778896331787, 5.788537979125977, 6.033297538757324, 6.278057098388672, 6.5228166580200195, 6.767576217651367, 7.012335777282715, 7.2570953369140625, 7.501854419708252, 7.7466139793396, 7.991373538970947, 8.236132621765137, 8.480892181396484, 8.725651741027832, 8.97041130065918, 9.215170860290527, 9.459930419921875, 9.704689979553223, 9.94944953918457]}, "_runtime": 37, "_timestamp": 1642600113, "_step": 88, "val_loss": 0.964249312877655, "epoch": 1, "trainer/global_step": 85, "train_loss": 1.0551339387893677, "_wandb": {"runtime": 37}}