{"logits": {"_type": "histogram", "values": [2, 0, 0, 0, 0, 0, 1, 4, 1, 7, 5, 8, 10, 18, 22, 39, 31, 34, 28, 32, 33, 31, 34, 31, 33, 29, 22, 26, 22, 12, 9, 10, 8, 5, 6, 2, 1, 2, 3, 0, 2, 1, 0, 4, 0, 0, 0, 0, 0, 0, 1, 0, 0, 0, 0, 0, 0, 0, 0, 0, 0, 0, 0, 1], "bins": [-7.42795467376709, -7.088505268096924, -6.7490553855896, -6.409605979919434, -6.070156574249268, -5.730706691741943, -5.391257286071777, -5.051807880401611, -4.712358474731445, -4.372908592224121, -4.033459186553955, -3.69400954246521, -3.354559898376465, -3.015110492706299, -2.6756608486175537, -2.3362114429473877, -1.9967617988586426, -1.657312273979187, -1.3178627490997314, -0.9784131050109863, -0.6389635801315308, -0.2995140254497528, 0.039935529232025146, 0.3793850839138031, 0.718834638595581, 1.0582841634750366, 1.3977336883544922, 1.7371833324432373, 2.0766329765319824, 2.4160823822021484, 2.7555320262908936, 3.0949814319610596, 3.4344310760498047, 3.77388072013855, 4.113330364227295, 4.452779769897461, 4.792229175567627, 5.131679058074951, 5.471128463745117, 5.810577869415283, 6.150027275085449, 6.489477157592773, 6.8289265632629395, 7.1683759689331055, 7.50782585144043, 7.847275257110596, 8.186724662780762, 8.526174545288086, 8.865623474121094, 9.205073356628418, 9.544523239135742, 9.88397216796875, 10.223422050476074, 10.562871932983398, 10.902320861816406, 11.24177074432373, 11.581220626831055, 11.920669555664062, 12.260119438171387, 12.599569320678711, 12.939018249511719, 13.278468132019043, 13.617918014526367, 13.957366943359375, 14.2968168258667]}, "_runtime": 36, "_timestamp": 1642600905, "_step": 88, "val_loss": 1.171921968460083, "epoch": 1, "trainer/global_step": 85, "train_loss": 0.9694644808769226, "_wandb": {"runtime": 35}}