{"logits": {"_type": "histogram", "values": [1, 1, 3, 2, 0, 2, 6, 8, 5, 4, 11, 14, 21, 20, 22, 23, 30, 22, 30, 29, 32, 29, 21, 26, 24, 15, 14, 15, 18, 13, 10, 10, 4, 6, 8, 9, 4, 3, 1, 1, 4, 4, 3, 4, 3, 2, 2, 7, 3, 1, 1, 1, 2, 3, 1, 1, 4, 1, 0, 4, 0, 1, 0, 1], "bins": [-4.143245697021484, -3.965557098388672, -3.7878682613372803, -3.6101796627044678, -3.432490825653076, -3.2548022270202637, -3.077113628387451, -2.8994247913360596, -2.721736192703247, -2.5440473556518555, -2.366358757019043, -2.1886701583862305, -2.010981321334839, -1.8332926034927368, -1.6556040048599243, -1.4779152870178223, -1.3002265691757202, -1.1225378513336182, -0.9448491930961609, -0.7671604752540588, -0.5894718170166016, -0.4117830991744995, -0.23409439623355865, -0.056405700743198395, 0.12128299474716187, 0.29897168278694153, 0.4766603708267212, 0.6543490886688232, 0.8320378065109253, 1.0097265243530273, 1.1874151229858398, 1.365103840827942, 1.542792558670044, 1.720481276512146, 1.898169994354248, 2.0758585929870605, 2.253547430038452, 2.4312360286712646, 2.608924627304077, 2.7866134643554688, 2.9643020629882812, 3.141990900039673, 3.3196794986724854, 3.497368097305298, 3.6750569343566895, 3.852745532989502, 4.0304341316223145, 4.208123207092285, 4.385811805725098, 4.56350040435791, 4.741189002990723, 4.918877601623535, 5.096566677093506, 5.274255275726318, 5.451943874359131, 5.629632472991943, 5.807321071624756, 5.985010147094727, 6.162698745727539, 6.340387344360352, 6.518075942993164, 6.695764541625977, 6.873453617095947, 7.05114221572876, 7.228830814361572]}, "_runtime": 439, "_timestamp": 1642675712, "_step": 447, "val_loss": 0.6888887882232666, "epoch": 9, "trainer/global_step": 429, "train_loss": 0.30801278352737427, "_wandb": {"runtime": 516}}