{"logits": {"_type": "histogram", "values": [3, 1, 0, 3, 4, 5, 8, 7, 6, 10, 10, 17, 15, 12, 21, 25, 30, 23, 32, 25, 25, 27, 30, 27, 29, 22, 26, 20, 11, 14, 10, 11, 7, 8, 9, 8, 3, 4, 6, 3, 1, 1, 2, 0, 2, 0, 1, 2, 2, 0, 0, 0, 0, 0, 0, 0, 1, 0, 0, 0, 0, 0, 0, 1], "bins": [-5.565530776977539, -5.310366153717041, -5.055201053619385, -4.800036430358887, -4.5448713302612305, -4.289706707000732, -4.034541606903076, -3.779376745223999, -3.524211883544922, -3.269047260284424, -3.0138823986053467, -2.7587175369262695, -2.5035526752471924, -2.2483878135681152, -1.993222951889038, -1.738058090209961, -1.4828932285308838, -1.2277283668518066, -0.9725635051727295, -0.7173987030982971, -0.46223384141921997, -0.20706899464130402, 0.04809585213661194, 0.3032606840133667, 0.5584255456924438, 0.813590407371521, 1.0687552690505981, 1.3239201307296753, 1.579084873199463, 1.83424973487854, 2.089414596557617, 2.3445794582366943, 2.5997443199157715, 2.8549091815948486, 3.110074043273926, 3.365238904953003, 3.62040376663208, 3.8755686283111572, 4.130733489990234, 4.385898113250732, 4.641063213348389, 4.896227836608887, 5.151392936706543, 5.406557559967041, 5.661722660064697, 5.916887283325195, 6.172052383422852, 6.42721700668335, 6.682381629943848, 6.937546730041504, 7.192711353302002, 7.447876453399658, 7.703041076660156, 7.9582061767578125, 8.213371276855469, 8.468535423278809, 8.723700523376465, 8.978865623474121, 9.234030723571777, 9.489194869995117, 9.744359970092773, 9.99952507019043, 10.254690170288086, 10.509854316711426, 10.765019416809082]}, "_runtime": 36, "_timestamp": 1642600740, "_step": 88, "val_loss": 0.9643853902816772, "epoch": 1, "trainer/global_step": 85, "train_loss": 1.246012568473816, "_wandb": {"runtime": 36}}