{"logits": {"_type": "histogram", "values": [1, 0, 0, 1, 1, 1, 2, 1, 0, 3, 4, 8, 7, 7, 22, 18, 19, 31, 27, 33, 34, 27, 37, 31, 26, 23, 24, 30, 20, 24, 20, 9, 5, 8, 5, 10, 7, 5, 2, 4, 6, 4, 3, 4, 1, 3, 1, 1, 0, 2, 0, 0, 3, 1, 1, 0, 1, 0, 0, 0, 1, 0, 0, 1], "bins": [-3.1864240169525146, -3.0545365810394287, -2.9226491451263428, -2.790761709213257, -2.658874273300171, -2.526987075805664, -2.395099639892578, -2.263212203979492, -2.1313247680664062, -1.9994373321533203, -1.8675498962402344, -1.7356624603271484, -1.603775143623352, -1.4718877077102661, -1.3400002717971802, -1.2081128358840942, -1.0762255191802979, -0.9443380236625671, -0.812450647354126, -0.68056321144104, -0.5486758351325989, -0.41678839921951294, -0.2849009931087494, -0.15301358699798584, -0.02112618088722229, 0.11076122522354126, 0.2426486313343048, 0.37453603744506836, 0.5064234733581543, 0.6383108496665955, 0.7701982855796814, 0.9020856618881226, 1.0339730978012085, 1.1658605337142944, 1.2977479696273804, 1.4296352863311768, 1.5615227222442627, 1.6934101581573486, 1.8252975940704346, 1.957184910774231, 2.0890724658966064, 2.2209599018096924, 2.352847099304199, 2.484734535217285, 2.616621971130371, 2.748509407043457, 2.880396842956543, 3.012284278869629, 3.144171714782715, 3.276059150695801, 3.4079465866088867, 3.5398337841033936, 3.6717212200164795, 3.8036086559295654, 3.9354960918426514, 4.067383289337158, 4.199270725250244, 4.33115816116333, 4.463045597076416, 4.594933032989502, 4.726820468902588, 4.858707904815674, 4.99059534072876, 5.122482776641846, 5.254370212554932]}, "_runtime": 74, "_timestamp": 1642677971, "_step": 88, "val_loss": 1.3130550384521484, "epoch": 1, "trainer/global_step": 85, "train_loss": 1.5104094743728638, "_wandb": {"runtime": 155}}