{"logits": {"_type": "histogram", "values": [1, 0, 0, 0, 1, 0, 1, 0, 1, 0, 1, 0, 2, 5, 8, 14, 14, 21, 26, 37, 22, 30, 29, 34, 24, 24, 25, 25, 24, 27, 21, 26, 16, 20, 14, 5, 7, 8, 11, 10, 5, 3, 4, 0, 5, 3, 3, 1, 0, 1, 1, 4, 1, 1, 1, 0, 2, 0, 0, 0, 0, 0, 0, 1], "bins": [-9.817891120910645, -9.448932647705078, -9.079974174499512, -8.711014747619629, -8.342056274414062, -7.973097801208496, -7.60413932800293, -7.235180854797363, -6.866221904754639, -6.497263431549072, -6.128304958343506, -5.759346008300781, -5.390387535095215, -5.021429061889648, -4.652470111846924, -4.283511638641357, -3.914552927017212, -3.5455942153930664, -3.1766357421875, -2.8076770305633545, -2.438718318939209, -2.0697598457336426, -1.700801134109497, -1.3318424224853516, -0.9628838300704956, -0.5939251780509949, -0.22496655583381653, 0.143992081284523, 0.5129507184028625, 0.8819093704223633, 1.2508679628372192, 1.6198266744613647, 1.9887852668762207, 2.357743978500366, 2.7267024517059326, 3.095661163330078, 3.4646198749542236, 3.83357834815979, 4.2025370597839355, 4.571495532989502, 4.940454483032227, 5.309412956237793, 5.678371429443359, 6.047330379486084, 6.41628885269165, 6.785247325897217, 7.154206275939941, 7.523164749145508, 7.892123222351074, 8.26108169555664, 8.630041122436523, 8.99899959564209, 9.367958068847656, 9.736916542053223, 10.105875015258789, 10.474833488464355, 10.843792915344238, 11.212751388549805, 11.581709861755371, 11.950668334960938, 12.319626808166504, 12.68858528137207, 13.057544708251953, 13.42650318145752, 13.795461654663086]}, "_runtime": 99, "_timestamp": 1642590581, "_step": 223, "val_loss": 0.6792054176330566, "epoch": 4, "trainer/global_step": 214, "train_loss": 0.510425865650177, "_wandb": {"runtime": 99}}