{"logits": {"_type": "histogram", "values": [1, 0, 0, 0, 3, 0, 1, 2, 8, 3, 5, 7, 8, 13, 10, 20, 13, 15, 9, 20, 20, 14, 16, 23, 23, 20, 22, 22, 17, 24, 21, 17, 21, 23, 18, 14, 15, 12, 9, 9, 10, 4, 4, 7, 3, 4, 7, 3, 4, 6, 3, 2, 2, 3, 2, 3, 0, 2, 0, 1, 0, 0, 1, 1], "bins": [-5.63174295425415, -5.430778503417969, -5.229813575744629, -5.028849124908447, -4.827884197235107, -4.626919746398926, -4.425954818725586, -4.224990367889404, -4.024025917053223, -3.823060989379883, -3.622096300125122, -3.4211316108703613, -3.2201671600341797, -3.019202470779419, -2.818237781524658, -2.6172730922698975, -2.4163084030151367, -2.215343713760376, -2.0143790245056152, -1.813414454460144, -1.6124497652053833, -1.4114850759506226, -1.2105205059051514, -1.0095558166503906, -0.8085911273956299, -0.6076264381408691, -0.4066618084907532, -0.20569714903831482, -0.004732489585876465, 0.1962321698665619, 0.39719682931900024, 0.5981614589691162, 0.799126148223877, 1.0000908374786377, 1.2010555267333984, 1.4020200967788696, 1.6029847860336304, 1.8039494752883911, 2.0049140453338623, 2.205878734588623, 2.406843423843384, 2.6078081130981445, 2.8087728023529053, 3.009737491607666, 3.2107019424438477, 3.4116666316986084, 3.612631320953369, 3.81359601020813, 4.014560699462891, 4.215525150299072, 4.416490077972412, 4.617454528808594, 4.818419456481934, 5.019383907318115, 5.220348834991455, 5.421313285827637, 5.622278213500977, 5.823242664337158, 6.02420711517334, 6.22517204284668, 6.426136493682861, 6.627101421356201, 6.828065872192383, 7.029030799865723, 7.229995250701904]}, "_runtime": 41, "_timestamp": 1642602875, "_step": 88, "val_loss": 1.1990063190460205, "epoch": 1, "trainer/global_step": 85, "train_loss": 1.0384762287139893, "_wandb": {"runtime": 45}}